Dependency;GitTag
ITK;407989d73f5a50ac9f2251663b2f497cf900cbd7
ANTS;680942c1628c8ed142c6b25a4c8b9e47aadf3e01
ANTS;680942c1628c8ed142c6b25a4c8b9e47aadf3e01
ANTS;680942c1628c8ed142c6b25a4c8b9e47aadf3e01
ANTS;680942c1628c8ed142c6b25a4c8b9e47aadf3e01
ANTS;680942c1628c8ed142c6b25a4c8b9e47aadf3e01
ANTS;680942c1628c8ed142c6b25a4c8b9e47aadf3e01
ANTS;680942c1628c8ed142c6b25a4c8b9e47aadf3e01
ANTS;680942c1628c8ed142c6b25a4c8b9e47aadf3e01
ANTS;680942c1628c8ed142c6b25a4c8b9e47aadf3e01
ANTS;680942c1628c8ed142c6b25a4c8b9e47aadf3e01
